Zona,Región,Categoría,Nombre,Ubicación / Detalle / Acción
Necrolimbo (Limgrave) y Península del Llanto,Tutorial,Gesto,¡El Círculo!,Bonificación de reserva o vencer a un jefe como fantasma cooperativo.
Necrolimbo (Limgrave) y Península del Llanto,Tutorial,Multijugador,Dedo reseco de Sinluz,Capilla de la Espera.
Necrolimbo (Limgrave) y Península del Llanto,Tutorial,Jefe,Vástago Injertado,"Capilla de la Espera. Si ganas (difícil), suelta Espada recta ornamental y Escudo de bestia dorada."
Necrolimbo (Limgrave) y Península del Llanto,Tutorial,Lugar,Cueva del Conocimiento,Zona tutorial tras morir. Obtienes Viales Carmesí y Cerúleo.
Necrolimbo (Limgrave) y Península del Llanto,Tutorial,Jefe,Soldado de Godrick,Jefe del tutorial.
Necrolimbo (Limgrave) y Península del Llanto,Tutorial,Gesto,¡Fuerza!,En el acantilado al final de la zona tutorial.
Necrolimbo (Limgrave) y Península del Llanto,Tutorial,Lugar,Cementerio de los Náufragos,Lugar de Gracia (Site of Grace - SoG).
Necrolimbo (Limgrave) y Península del Llanto,Tutorial,Multijugador,Cortador de dedos,Justo después del Lugar de Gracia.
Necrolimbo (Limgrave) y Península del Llanto,Tutorial,Multijugador,Dedo doblado de Sinluz,Justo después del Lugar de Gracia.
Necrolimbo (Limgrave) y Península del Llanto,Necrolimbo,Lugar,El primer paso,Lugar de Gracia al salir al mundo abierto.
Necrolimbo (Limgrave) y Península del Llanto,Necrolimbo,NPC,Varré,"Habla con él en ""El primer paso"". Agota el diálogo."
Necrolimbo (Limgrave) y Península del Llanto,Necrolimbo,Multijugador,Efigie dorada pequeña,Bajando la cuesta desde Varré.
Necrolimbo (Limgrave) y Península del Llanto,Necrolimbo,Lugar,Iglesia de Elleh,"Norte de ""El primer paso""."
Necrolimbo (Limgrave) y Península del Llanto,Necrolimbo,NPC,Kalé,"Comerciante. Agota diálogo (""Sobre Kalé""). Compra el Kit de creación."
Necrolimbo (Limgrave) y Península del Llanto,Necrolimbo,NPC,"D, Cazador de los Muertos.",Cerca de la Aldea de las Aguas Invocantes. Te avisa del peligro y te marca el portal hacia Gurranq.
Necrolimbo (Limgrave) y Península del Llanto,Necrolimbo,Objeto Clave,Kit de creación,Cómpralo a Kalé. Vital.
Necrolimbo (Limgrave) y Península del Llanto,Necrolimbo,Manual,Manual de guerrero nómada,Vende Kalé.
Necrolimbo (Limgrave) y Península del Llanto,Necrolimbo,Manual,Manual de guerrero nómada,Vende Kalé.
Necrolimbo (Limgrave) y Península del Llanto,Necrolimbo,Manual,Manual de misionero,Vende Kalé.
Necrolimbo (Limgrave) y Península del Llanto,Necrolimbo,Herramienta,Telescopio,Vende Kalé.
Necrolimbo (Limgrave) y Península del Llanto,Necrolimbo,Herramienta,Antorcha,Vende Kalé. Cómprala para zonas oscuras.
Necrolimbo (Limgrave) y Península del Llanto,Necrolimbo,Equipo,Escudo de cuero grande,Vende Kalé.
Necrolimbo (Limgrave) y Península del Llanto,Necrolimbo,Equipo,Conjunto de cota de malla,Vende Kalé.
Necrolimbo (Limgrave) y Península del Llanto,Necrolimbo,Consumible,Tarro agrietado,Vende Kalé (3 unidades).
Necrolimbo (Limgrave) y Península del Llanto,Necrolimbo,Lugar,Frente a la puerta,Ruinas al norte de la Iglesia de Elleh.
Necrolimbo (Limgrave) y Península del Llanto,Necrolimbo,NPC,Melina,"Descansa en ""Frente a la puerta"". Acepta el trato para obtener a Torrentera."
Necrolimbo (Limgrave) y Península del Llanto,Necrolimbo,Objeto Clave,Silbato de corcel espectral,Regalo de Melina.
Necrolimbo (Limgrave) y Península del Llanto,Necrolimbo,Equipo,Espadón de juramentado,Cofre en el carruaje al noroeste de las ruinas Frente a la puerta.
Necrolimbo (Limgrave) y Península del Llanto,Necrolimbo,Mapa,"Mapa: Necrolimbo, oeste",En el pilar brillante en las ruinas Frente a la puerta.
Necrolimbo (Limgrave) y Península del Llanto,Necrolimbo,NPC,Parches (Patches),Cueva de Aguanebula. ¡No lo mates! Perdónale la vida para que abra su tienda. Es vital para la misión de la Mansión del Volcán después.
Necrolimbo (Limgrave) y Península del Llanto,Necrolimbo,Ceniza Guerra,Pisotón tormentoso,Sótano en ruinas Frente a la puerta.
Necrolimbo (Limgrave) y Península del Llanto,Necrolimbo,Objeto Clave,Cuchillo de afilar,Sótano en ruinas Frente a la puerta.
Necrolimbo (Limgrave) y Península del Llanto,Necrolimbo,Equipo,Mayal,Cofre en el carruaje al noreste de las ruinas.
Necrolimbo (Limgrave) y Península del Llanto,Necrolimbo,Lugar,"Lago Agheel, norte",Al este de las ruinas.
Necrolimbo (Limgrave) y Península del Llanto,Necrolimbo,NPC,Renna (Ranni),Vuelve a la Iglesia de Elleh de noche tras tener a Torrentera.
Necrolimbo (Limgrave) y Península del Llanto,Necrolimbo,Objeto Clave,Campana de invocación de espíritus,Regalo de Renna (Ranni).
Necrolimbo (Limgrave) y Península del Llanto,Necrolimbo,Ceniza,Cenizas de lobo solitario,Regalo de Renna (Ranni).
Necrolimbo (Limgrave) y Península del Llanto,Necrolimbo,NPC,Boc el costurero,Sureste de Lago Agheel Norte. Rueda contra el arbusto parlante.
Necrolimbo (Limgrave) y Península del Llanto,Necrolimbo,Ceniza Guerra,Determinación,Mata al escarabajo cerca del puente al sureste del lago.
Necrolimbo (Limgrave) y Península del Llanto,Necrolimbo,Mapa,"Mapa: Necrolimbo, este","Bosque Brumoso, pilar brillante."
Necrolimbo (Limgrave) y Península del Llanto,Necrolimbo,Manual,Manual de guerrero nómada,"Oeste del mapa este, cerca de un oso rascando un árbol."
Necrolimbo (Limgrave) y Península del Llanto,Necrolimbo,Ceniza Guerra,Golpe de tierra,"Al sur del manual anterior, mata al escarabajo."
Necrolimbo (Limgrave) y Península del Llanto,Necrolimbo,Lugar,Pozo del río Siofra,Edificio con ascensor en el Bosque Brumoso.
Necrolimbo (Limgrave) y Península del Llanto,Necrolimbo,Lugar,Ruinas del Bosque Brumoso,Suroeste del mapa este. Se oyen aullidos (Blaidd).
Necrolimbo (Limgrave) y Península del Llanto,Necrolimbo,Evento,Aullido de Blaidd,"Al oírlo, vuelve con Kalé en la Iglesia de Elleh."
Necrolimbo (Limgrave) y Península del Llanto,Necrolimbo,Gesto,Chisquido de dedos,Regalo de Kalé tras hablar del aullido.
Necrolimbo (Limgrave) y Península del Llanto,Necrolimbo,NPC,Blaidd,Usa el gesto bajo la torre de las ruinas para que baje. Agota diálogo.
Necrolimbo (Limgrave) y Península del Llanto,Necrolimbo,Talismán,Talismán del hacha,Sótano de Ruinas del Bosque Brumoso.
Necrolimbo (Limgrave) y Península del Llanto,Necrolimbo,Objeto Clave,Lágrima larvaria,Mata al noble errante que se transforma en oso rúnico (Este de Agheel Sur).
Necrolimbo (Limgrave) y Península del Llanto,Necrolimbo,Jefe,Caballero Sabueso Darriwil,Cárcel eterna del sabueso desolado. Invoca a Blaidd.
Necrolimbo (Limgrave) y Península del Llanto,Necrolimbo,Equipo,Colmillo de Sabueso,Drop de Darriwil.
Necrolimbo (Limgrave) y Península del Llanto,Necrolimbo,NPC,Kenneth Haight,Sobre una ruina al noreste de las afueras del bosque brumoso.
Necrolimbo (Limgrave) y Península del Llanto,Necrolimbo,Manual,Manual de Fevor,"Al norte de Kenneth, subiendo la colina."
Necrolimbo (Limgrave) y Península del Llanto,Necrolimbo,Lugar,Tercera Iglesia de Marika,Al noreste del bosque.
Necrolimbo (Limgrave) y Península del Llanto,Necrolimbo,Vial,Lágrima sagrada,En la Tercera Iglesia de Marika.
Necrolimbo (Limgrave) y Península del Llanto,Necrolimbo,Objeto Clave,Vial de médika milagrosa,En la Tercera Iglesia de Marika.
Necrolimbo (Limgrave) y Península del Llanto,Necrolimbo,Vial,Lágrima de cristal carmesí,En la Tercera Iglesia de Marika.
Necrolimbo (Limgrave) y Península del Llanto,Necrolimbo,Ceniza Guerra,Hoja sagrada,Escarabajo colina arriba desde la Tercera Iglesia.
Necrolimbo (Limgrave) y Península del Llanto,Necrolimbo,Lugar,Catacumbas de la Muerte,Noroeste de Iglesia de Elleh.
Necrolimbo (Limgrave) y Península del Llanto,Necrolimbo,Objeto Clave,Prattling Pate (Hola),En las catacumbas.
Necrolimbo (Limgrave) y Península del Llanto,Necrolimbo,Ceniza,Cenizas de noble errante,En las catacumbas.
Necrolimbo (Limgrave) y Península del Llanto,Necrolimbo,Jefe,Perro guardián funerario del Árbol,Jefe de Catacumbas de la Muerte.
Necrolimbo (Limgrave) y Península del Llanto,Necrolimbo,Ceniza,Cenizas de hechicero noble,Drop del Perro guardián.
Necrolimbo (Limgrave) y Península del Llanto,Necrolimbo,Lugar,Cueva de la arboleda,"Norte de Iglesia de Elleh, en el acantilado."
Necrolimbo (Limgrave) y Península del Llanto,Necrolimbo,Jefe,Hombre bestia de Farum Azula,Jefe de Cueva de la arboleda.
Necrolimbo (Limgrave) y Península del Llanto,Necrolimbo,Talismán,Talismán con dragón de fuego,Drop del Hombre bestia.
Necrolimbo (Limgrave) y Península del Llanto,Necrolimbo,Jefe,Caballería nocturna,Puente al sureste de Lago Agheel Norte (solo de noche).
Necrolimbo (Limgrave) y Península del Llanto,Necrolimbo,Ceniza Guerra,Embestida repetida,Drop de la Caballería nocturna.
Necrolimbo (Limgrave) y Península del Llanto,Necrolimbo,Lugar,Ruinas de la posta,"Sureste del lago, cruzando el puente."
Necrolimbo (Limgrave) y Península del Llanto,Necrolimbo,Jefe,Cabeza de calabaza demente,Sótano de Ruinas de la posta.
Necrolimbo (Limgrave) y Península del Llanto,Necrolimbo,NPC,Hechicera Sellen,Tras el jefe Cabeza de calabaza. Acepta ser su aprendiz.
Necrolimbo (Limgrave) y Península del Llanto,Necrolimbo,Gesto,Asentir con la cabeza,Habla con Sellen.
Necrolimbo (Limgrave) y Península del Llanto,Necrolimbo,Hechizos,Varios de Sellen,"Guijarro, Estrellas, Arco, Barrera, Armamento de erudito."
Necrolimbo (Limgrave) y Península del Llanto,Necrolimbo,Equipo,Gran hacha,Cofre en la caravana cerca de Ruinas de la posta (para el carro).
Necrolimbo (Limgrave) y Península del Llanto,Necrolimbo,Ceniza Guerra,Desenvainar,Escarabajo al sureste del lago Agheel (cangrejos).
Necrolimbo (Limgrave) y Península del Llanto,Necrolimbo,Objeto Clave,Pergamino de la casa real,Campamento enemigo al sureste de Lago Agheel Sur (sobre edificio).
Necrolimbo (Limgrave) y Península del Llanto,Necrolimbo,Equipo,Gran espada (Estoc),Cofre en el mismo campamento.
Necrolimbo (Limgrave) y Península del Llanto,Necrolimbo,NPC,Yura,Bajo un arco al oeste de Lago Agheel Sur.
Necrolimbo (Limgrave) y Península del Llanto,Necrolimbo,Ceniza Guerra,Gravitas,"Baja al acantilado desde Ruinas costeras, mata al enemigo alto."
Necrolimbo (Limgrave) y Península del Llanto,Necrolimbo,Talismán,Talismán con dragón sacro,Cueva en la playa tras el enemigo de Gravitas.
Necrolimbo (Limgrave) y Península del Llanto,Necrolimbo,Lugar,Puente del Sacrificio,Sur de Necrolimbo.
Necrolimbo (Limgrave) y Península del Llanto,Necrolimbo,NPC,Irina,Al pasar el puente del sacrificio. Acepta su carta.
Necrolimbo (Limgrave) y Península del Llanto,Necrolimbo,Lugar,Ruinas abrasadas por el dragón,Sur del lago Agheel.
Necrolimbo (Limgrave) y Península del Llanto,Necrolimbo,Equipo,Hoja doble,Sótano de las ruinas (salta muros con caballo).
Necrolimbo (Limgrave) y Península del Llanto,Necrolimbo,Trampa,Cofre trampa a Caelid,Sótano con ratas en las ruinas. Te lleva a Mina de cristal de Sellia.
Necrolimbo (Limgrave) y Península del Llanto,Necrolimbo,Jefe,Dragón volador Agheel,Centro del lago Agheel.
Necrolimbo (Limgrave) y Península del Llanto,Necrolimbo,Objeto Clave,Corazón de dragón,Drop de Agheel.
Necrolimbo (Limgrave) y Península del Llanto,Necrolimbo,Jefe,Troll excavapedras,Túneles de Necrolimbo (Noroeste del lago).
Necrolimbo (Limgrave) y Península del Llanto,Necrolimbo,Talismán,Medallón de rugido,Drop del Troll.
Necrolimbo (Limgrave) y Península del Llanto,Necrolimbo,Invasor,"Nerijus, Dedo Sangriento",Río al norte de Lago Agheel. Yura ayuda.
Necrolimbo (Limgrave) y Península del Llanto,Necrolimbo,Equipo,Reduvia,Drop de Nerijus.
Necrolimbo (Limgrave) y Península del Llanto,Necrolimbo,Lugar,Cueva de Agua Muria,Río donde sale Nerijus.
Necrolimbo (Limgrave) y Península del Llanto,Necrolimbo,Jefe,Parches,NO LO MATES. Ríndete cuando pida piedad.
Necrolimbo (Limgrave) y Península del Llanto,Necrolimbo,Gesto,Pedir piedad,De Parches.
Necrolimbo (Limgrave) y Península del Llanto,Necrolimbo,Objeto Clave,Grillete de Margit,Vende Parches.
Necrolimbo (Limgrave) y Península del Llanto,Necrolimbo,Trampa,Cofre de Parches,Te teletransporta al Bosque Brumoso.
Necrolimbo (Limgrave) y Península del Llanto,Necrolimbo,Gesto,¡Calma!,Vuelve con Parches tras la trampa.
Necrolimbo (Limgrave) y Península del Llanto,Necrolimbo,Lugar,Catacumbas de Agua Muria,Final del río.
Necrolimbo (Limgrave) y Península del Llanto,Necrolimbo,Jefe,Duelista guardián de las tumbas,Jefe de catacumbas.
Necrolimbo (Limgrave) y Península del Llanto,Necrolimbo,Ceniza,Cenizas de caballero proscrito Engvall,Drop del jefe.
Necrolimbo (Limgrave) y Península del Llanto,Necrolimbo,Jefe,Centinela agreste,El caballero dorado al inicio del juego.
Necrolimbo (Limgrave) y Península del Llanto,Necrolimbo,Equipo,Alabarda dorada,Drop del Centinela agreste.
Necrolimbo (Limgrave) y Península del Llanto,Necrolimbo,Ceniza Guerra,Pisotón barrido,Playa al oeste de Iglesia Elleh (escarabajo invisible).
Necrolimbo (Limgrave) y Península del Llanto,Necrolimbo,Comerciante,Mercader de la costa,"Playa oeste, bajo una ruina."
Necrolimbo (Limgrave) y Península del Llanto,Necrolimbo,Lugar,Cueva costera,Playa oeste.
Necrolimbo (Limgrave) y Península del Llanto,Necrolimbo,Jefe,Jefes semihumanos,Cueva costera.
Necrolimbo (Limgrave) y Península del Llanto,Necrolimbo,Objeto Clave,Aguja de costura,Drop de jefes. Dásela a Boc en la cueva.
Necrolimbo (Limgrave) y Península del Llanto,Necrolimbo,Objeto Clave,Herramientas de sastrería,Drop de jefes.
Necrolimbo (Limgrave) y Península del Llanto,Necrolimbo,Lugar,Iglesia de la Comunión Dragontina,Cruza la Cueva costera para llegar a la isla.
Necrolimbo (Limgrave) y Península del Llanto,Necrolimbo,Vial,Semilla dorada,Árbol dorado en el camino al castillo (Velo Tormenta).
Necrolimbo (Limgrave) y Península del Llanto,Necrolimbo,Lugar,Cabaña en Colina Tormentosa,Antes del castillo.
Necrolimbo (Limgrave) y Península del Llanto,Necrolimbo,NPC,Caballero Bernahl,"Cabaña del Maestro de Guerra. Vende Cenizas de Guerra de combate físico (Pisotón, Tajo ascendente)."
Necrolimbo (Limgrave) y Península del Llanto,Necrolimbo,NPC,Roderika,En la cabaña. Agota diálogo.
Necrolimbo (Limgrave) y Península del Llanto,Necrolimbo,Gesto,Sentarse de lado,De Roderika.
Necrolimbo (Limgrave) y Península del Llanto,Necrolimbo,Ceniza,Cenizas de medusa espiritual,De Roderika.
Necrolimbo (Limgrave) y Península del Llanto,Necrolimbo,Gesto,Piernas cruzadas,Ruina romana al sur de la cabaña (sobre arco).
Necrolimbo (Limgrave) y Península del Llanto,Necrolimbo,Lugar,Cabaña del Señor de la Guerra,Este de Colina Tormentosa.
Necrolimbo (Limgrave) y Península del Llanto,Necrolimbo,NPC,Bernahl,Vende cenizas de guerra.
Necrolimbo (Limgrave) y Península del Llanto,Necrolimbo,Invasor,Cazador de esferas,Aparece de noche en la cabaña de Bernahl (Jefe difícil).
Necrolimbo (Limgrave) y Península del Llanto,Necrolimbo,NPC,Alexander (Tarro),Atascado en el puente al este. Golpéalo fuerte por detrás.
Necrolimbo (Limgrave) y Península del Llanto,Necrolimbo,Gesto,Deleite,De Alexander tras liberarlo.
Necrolimbo (Limgrave) y Península del Llanto,Necrolimbo,Lugar,Puente de los Santos,Este de Alexander.
Necrolimbo (Limgrave) y Península del Llanto,Necrolimbo,NPC,"D, Cazador de los muertos",Cerca del cementerio al este del puente de los Santos.
Necrolimbo (Limgrave) y Península del Llanto,Necrolimbo,Lugar,Aldea de las aguas invocadoras,Este de Necrolimbo.
Necrolimbo (Limgrave) y Península del Llanto,Necrolimbo,Jefe,Barquero tibial,Jefe en la aldea (barca).
Necrolimbo (Limgrave) y Península del Llanto,Necrolimbo,Objeto Clave,Raíz mortuoria,Drop del Barquero.
Necrolimbo (Limgrave) y Península del Llanto,Necrolimbo,Ceniza,Cenizas de esqueleto militante,Drop del Barquero.
Necrolimbo (Limgrave) y Península del Llanto,Necrolimbo,Talismán,Talismán de tortuga verde,Sótano en la aldea (necesita llave espada pétrea).
Necrolimbo (Limgrave) y Península del Llanto,Necrolimbo,Invasor,Henricus el recusante,Cerca del Coliseo al norte de la cabaña del señor de la guerra.
Necrolimbo (Limgrave) y Península del Llanto,Necrolimbo,Talismán,Talismán de martillo,Drop de Henricus.
Necrolimbo (Limgrave) y Península del Llanto,Necrolimbo,Jefe,Ave de la muerte,Sureste de Cabaña del Señor de la Guerra (noche).
Necrolimbo (Limgrave) y Península del Llanto,Necrolimbo,Talismán,Espada de rama azul,Drop del Ave.
Necrolimbo (Limgrave) y Península del Llanto,Necrolimbo,Lugar,Catacumbas de la muerte,Cerca del Puente de los Santos.
Necrolimbo (Limgrave) y Península del Llanto,Necrolimbo,Equipo,Uchigatana,Dentro de las catacumbas.
Necrolimbo (Limgrave) y Península del Llanto,Necrolimbo,Jefe,Asesina de los Cuchillos Negros,Jefe de catacumbas.
Necrolimbo (Limgrave) y Península del Llanto,Necrolimbo,Talismán,Daga carmesí de asesino,Drop de la Asesina.
Necrolimbo (Limgrave) y Península del Llanto,Necrolimbo,Objeto Clave,Raíz mortuoria,Cofre tras la Asesina.
Necrolimbo (Limgrave) y Península del Llanto,Necrolimbo,Lugar,Cueva de la gran vía,Norte del Puente de los Santos (baja al río).
Necrolimbo (Limgrave) y Península del Llanto,Necrolimbo,Jefe,Gólem guardián,Jefe de la cueva.
Necrolimbo (Limgrave) y Península del Llanto,Necrolimbo,Talismán,Amuleto de bailarina azul,Drop del Gólem.
Necrolimbo (Limgrave) y Península del Llanto,Necrolimbo,Manual,Manual de armero,Campamento al suroeste de Costa de Agua Muria.
Necrolimbo (Limgrave) y Península del Llanto,Necrolimbo,Pintura,Instinto de retorno,Cabaña del artista (Este).
Necrolimbo (Limgrave) y Península del Llanto,Necrolimbo,Lugar,Tumba del héroe de los Faldones,Inicio del juego (necesita 2 llaves).
Necrolimbo (Limgrave) y Península del Llanto,Necrolimbo,Talismán,Favor del Árbol Áureo,En la Tumba del héroe (zona del puente estrecho).
Necrolimbo (Limgrave) y Península del Llanto,Necrolimbo,Jefe,Espíritu del árbol ulcerado,Jefe de la Tumba del héroe.
Necrolimbo (Limgrave) y Península del Llanto,Necrolimbo,Ceniza,Cenizas de caballero proscrito Oleg,Drop del espíritu.
Necrolimbo (Limgrave) y Península del Llanto,Necrolimbo,Jefe,"Margit, el Augurio Caído",Entrada al castillo.
Necrolimbo (Limgrave) y Península del Llanto,Necrolimbo,Objeto Clave,Bolsa de talismanes,Drop de Margit.
Necrolimbo (Limgrave) y Península del Llanto,Mesa Redonda,Lugar,Mesa Redonda,Acceso tras hablar con Melina o descansar fuera de Necrolimbo.
Necrolimbo (Limgrave) y Península del Llanto,Mesa Redonda,NPC,Corhyn,Vende encantamientos.
Necrolimbo (Limgrave) y Península del Llanto,Mesa Redonda,NPC,Diallos,Habla con él.
Necrolimbo (Limgrave) y Península del Llanto,Mesa Redonda,NPC,Fia,Deja que te abrace (da bendición y debuff de vida).
Necrolimbo (Limgrave) y Península del Llanto,Mesa Redonda,NPC,D,Enséñale la raíz mortuoria. Marca el portal al Santuario de la Bestia.
Necrolimbo (Limgrave) y Península del Llanto,Mesa Redonda,Gesto,¿Qué quieres?,Habla con Ensha (el de la armadura de huesos).
Necrolimbo (Limgrave) y Península del Llanto,Mesa Redonda,NPC,Hechicero Rogier,En el altar de la capilla dentro del Castillo. Habla con él antes de vencer a Godrick para asegurar su misión.
Necrolimbo (Limgrave) y Península del Llanto,Velo Tormenta,Lugar,Castillo de Velo Tormenta,Entrada principal (Gostoc te aconseja ir por el hueco).
Necrolimbo (Limgrave) y Península del Llanto,Velo Tormenta,NPC,Gostoc,Portero. Roba runas si mueres. Vende cosas.
Necrolimbo (Limgrave) y Península del Llanto,Velo Tormenta,Equipo,Garras de gancho,Sótano con exiliados (ruta del acantilado).
Necrolimbo (Limgrave) y Península del Llanto,Velo Tormenta,Talismán,Talismán de espada curva,Habitación oscura con caballero desterrado (Banished Knight).
Necrolimbo (Limgrave) y Península del Llanto,Velo Tormenta,Objeto Clave,Llave oxidada,Misma habitación.
Necrolimbo (Limgrave) y Península del Llanto,Velo Tormenta,Lugar,Torre de la muralla,Lugar de Gracia.
Necrolimbo (Limgrave) y Península del Llanto,Velo Tormenta,Talismán,Talismán con garra,"En una torre exterior, subiendo escalera con pájaros."
Necrolimbo (Limgrave) y Península del Llanto,Velo Tormenta,Objeto Clave,Cuchillo de afilar de hierro,Sala tras puerta de niebla (necesita llave).
Necrolimbo (Limgrave) y Península del Llanto,Velo Tormenta,Equipo,Misericordia,Sala tras puerta de niebla.
Necrolimbo (Limgrave) y Península del Llanto,Velo Tormenta,Equipo,Escudo de madera de blasón de halcón,Sala tras puerta de niebla.
Necrolimbo (Limgrave) y Península del Llanto,Velo Tormenta,NPC,Hechicero Rogier,En la capilla dentro del castillo. Vende cenizas.
Necrolimbo (Limgrave) y Península del Llanto,Velo Tormenta,Objeto Clave,Velo mimético,Habitación con caballero desterrado (piso superior).
Necrolimbo (Limgrave) y Península del Llanto,Velo Tormenta,Jefe,Vástago injertado,En el comedor/cocina.
Necrolimbo (Limgrave) y Península del Llanto,Velo Tormenta,Objeto Clave,Recuerdo de las crisálidas,Sobre pila de cuerpos cerca del Vástago. Dáselo a Roderika.
Necrolimbo (Limgrave) y Península del Llanto,Velo Tormenta,Sello,Sello de la Deicida,Sótano cerca del patio (necesita llave).
Necrolimbo (Limgrave) y Península del Llanto,Velo Tormenta,Manual,Devocionario de la piel divina,Mismo sótano.
Necrolimbo (Limgrave) y Península del Llanto,Velo Tormenta,Lugar,Cámara de al lado del elevador,Lugar de Gracia.
Necrolimbo (Limgrave) y Península del Llanto,Velo Tormenta,Jefe,Espíritu del árbol ulcerado,Foso debajo del castillo (ruta secreta).
Necrolimbo (Limgrave) y Península del Llanto,Velo Tormenta,Talismán,Pústula del Príncipe de la Muerte,Tras el jefe del foso (cara gigante).
Necrolimbo (Limgrave) y Península del Llanto,Velo Tormenta,NPC,Nepheli Loux,Habitación cerca del troll gigante antes de Godrick.
Necrolimbo (Limgrave) y Península del Llanto,Velo Tormenta,Jefe,"Godrick, el Injertado",Jefe final del castillo.
Necrolimbo (Limgrave) y Península del Llanto,Velo Tormenta,Objeto Clave,Gran Runa de Godrick,Drop de Godrick.
Necrolimbo (Limgrave) y Península del Llanto,Velo Tormenta,Objeto Clave,Recuerdo del Injertado,Drop de Godrick.
Necrolimbo (Limgrave) y Península del Llanto,Velo Tormenta,Objeto Clave,Uva Shabriri,Sala del trono tras vencer a Godrick.
Necrolimbo (Limgrave) y Península del Llanto,Velo Tormenta,Lugar,Torre Divina de Necrolimbo,Acceso desde el puente del castillo (Leones). Activa la Gran Runa.
Necrolimbo (Limgrave) y Península del Llanto,Península,Lugar,Península del Llanto,Sur del Puente del Sacrificio.
Necrolimbo (Limgrave) y Península del Llanto,Península,Jefe,Caballería nocturna,Cerca de la muralla del castillo (noche).
Necrolimbo (Limgrave) y Península del Llanto,Península,Arma,Mayal de jinete nocturno,Drop de la caballería.
Necrolimbo (Limgrave) y Península del Llanto,Península,Objeto Clave,Carta de Irina,Entrégasela a Edgar en el Castillo de Morne.
Necrolimbo (Limgrave) y Península del Llanto,Península,Lugar,Castillo de Morne,Extremo sur.
Necrolimbo (Limgrave) y Península del Llanto,Península,NPC,Edgar,En una torre del castillo. Dale la carta.
Necrolimbo (Limgrave) y Península del Llanto,Península,Equipo,Claymore,Patio del castillo (pila de cadáveres).
Necrolimbo (Limgrave) y Península del Llanto,Península,Talismán,Talismán de espada de dos hojas,Torre trasera del castillo.
Necrolimbo (Limgrave) y Península del Llanto,Península,Jefe,Bastardo Leonino,Jefe del Castillo de Morne (playa trasera).
Necrolimbo (Limgrave) y Península del Llanto,Península,Equipo,Espadón de hoja injertada,Drop del Bastardo Leonino.
Necrolimbo (Limgrave) y Península del Llanto,Península,Mapa,Mapa: Península del Llanto,Camino principal hacia el sur.
Necrolimbo (Limgrave) y Península del Llanto,Península,Lugar,Torre de Oridys,Puzzle de tortugas fantasma. Memoria.
Necrolimbo (Limgrave) y Península del Llanto,Península,Lugar,Catacumbas del Empalador,Noreste de la península.
Necrolimbo (Limgrave) y Península del Llanto,Península,Ceniza,Cenizas de semihumano,Drop del jefe de catacumbas.
Necrolimbo (Limgrave) y Península del Llanto,Península,Encantamiento,Llama del frenesí,Iglesia bautismal de Callu.
Necrolimbo (Limgrave) y Península del Llanto,Península,Lugar,Iglesia de la Peregrinación,Norte de la península.
Necrolimbo (Limgrave) y Península del Llanto,Península,Lugar,Catacumbas de la necroondonada,Sur de la iglesia.
Necrolimbo (Limgrave) y Península del Llanto,Península,Ceniza,Cenizas de Lhutel la Decapitada,Drop del jefe (Sombra de cementerio).
Necrolimbo (Limgrave) y Península del Llanto,Península,Jefe,Avatar del Árbol Áureo,Árbol menor. Drops lágrimas para el vial.
Necrolimbo (Limgrave) y Península del Llanto,Península,Equipo,Guadaña alada,Ruinas de la necroondonada (sótano).
Necrolimbo (Limgrave) y Península del Llanto,Península,Lugar,Cuarta Iglesia de Marika,Oeste de la península.
Necrolimbo (Limgrave) y Península del Llanto,Península,Lugar,Ruinas de la Perdición de la Bruja,Sótano: Sellen prisionera.
Necrolimbo (Limgrave) y Península del Llanto,Península,Lugar,Torre del retorno,Cofre trampa lleva a Leyndell (Puente Divino).
Necrolimbo (Limgrave) y Península del Llanto,Península,Talismán,Talismán de rocío bendito,En Leyndell (tras el teletransporte de la torre).
Necrolimbo (Limgrave) y Península del Llanto,Península,NPC,Ciega Hyetta,"Cerca del Lugar de Gracia ""Acantilado frente al lago"". Necesitas darle una Uva de Shabriri (objeto que suele faltar en las listas)."
Necrolimbo (Limgrave) y Península del Llanto,Necrolimbo,Lugar,Fuerte Haight,Este del Bosque Brumoso.
Necrolimbo (Limgrave) y Península del Llanto,Necrolimbo,Ceniza Guerra,Corte sangriento,Caballero en la cima del fuerte.
Necrolimbo (Limgrave) y Península del Llanto,Necrolimbo,Objeto Clave,Medallón de Dectus (izq.),Torre del Fuerte Haight.
Necrolimbo (Limgrave) y Península del Llanto,Montedrago,Lugar,Santuario de la Bestia,Teletransporte desde la Tercera Iglesia de Marika (tras hablar con D).
Necrolimbo (Limgrave) y Península del Llanto,Montedrago,NPC,Clérigo Bestia (Gurranq),"Santuario de la Bestia. Dale ""Raíces Mortuorias"" (Deathroot) para obtener encantamientos de bestia y la Piedra de Forja de Dragón Antiguo."
Liurnia de los Lagos,Liurnia,Lugar,Acantilados frente al lago,Primer SoG tras salir de Velo Tormenta.
Liurnia de los Lagos,Liurnia,NPC,Hyetta,Pide uvas Shabriri. Aparece aquí primero.
Liurnia de los Lagos,Liurnia,Lugar,Iglesia de Irith,Cerca de los acantilados.
Liurnia de los Lagos,Liurnia,NPC,Thops,Pide 10 runas. Vende hechizos. Dale llave extra de la academia más tarde.
Liurnia de los Lagos,Liurnia,Lugar,Orilla sur del humedal de Liurnia,Mercader vende linterna.
Liurnia de los Lagos,Liurnia,Mapa,"Mapa: Liurnia, este",Norte de la orilla sur.
Liurnia de los Lagos,Liurnia,Lugar,Cueva de aguas mansas,Sur del humedal.
Liurnia de los Lagos,Liurnia,Talismán,Insignia de espada alada,Drop del jefe Caballero Imputrescible.
Liurnia de los Lagos,Liurnia,Lugar,Ruinas de Laskyar,Teletransportadores y campana de espectros.
Liurnia de los Lagos,Liurnia,Lugar,Isla panorámica,SoG.
Liurnia de los Lagos,Liurnia,NPC,Rya,Pide que recuperes su collar.
Liurnia de los Lagos,Liurnia,NPC,Parches,"Si vive, está aquí."
Liurnia de los Lagos,Liurnia,NPC,Camaronero (Boggart),Cabaña del hervidor. Vende el collar de Rya y gambas.
Liurnia de los Lagos,Liurnia,Lugar,Iglesia de la Rosa,En el lago. Varré se mueve aquí.
Liurnia de los Lagos,Liurnia,Misión,Misión de Varré,Invade 3 veces (o NPC en Altus) para obtener Favor del Señor de la Sangre.
Liurnia de los Lagos,Liurnia,Jefe,Dragón de piedra refulgente Smarag,Oeste de la Academia.
Liurnia de los Lagos,Liurnia,Objeto Clave,Llave de piedra refulgente de la Academia,Detrás de Smarag.
Liurnia de los Lagos,Liurnia,Mapa,"Mapa: Liurnia, norte",Asentamiento frente a la Academia.
Liurnia de los Lagos,Liurnia,Lugar,Asentamiento frente a la Academia,Ruinas hundidas.
Liurnia de los Lagos,Liurnia,Lugar,Iglesia de los Juramentos,Miriel (Tortuga Papa).
Liurnia de los Lagos,Liurnia,Hechizos,Miriel,Dale todos los pergaminos/devocionarios aquí.
Liurnia de los Lagos,Liurnia,Lugar,Mina de cristal de Raya Lucaria,Noreste del lago. Esfera de minero.
Liurnia de los Lagos,Liurnia,Lugar,Catacumbas de los Cuchillos Negros,Noreste. Jefe Asesina Cuchillos Negros.
Liurnia de los Lagos,Liurnia,Objeto Clave,Huella de los Cuchillos Negros,Drop de la Asesina (para Rogier).
Liurnia de los Lagos,Liurnia,Lugar,Gran Elevador de Dectus,Extremo norte.
Liurnia de los Lagos,Liurnia,Lugar,Iglesia de la Inhibición,Cerca de la Torre de la Llama Frenética.
Liurnia de los Lagos,Liurnia,Invasor,Vyke,Invade en la iglesia. Drop Lanza de guerra de Vyke.
Liurnia de los Lagos,Liurnia,Mapa,"Mapa: Liurnia, oeste",Orilla norte del lago.
Liurnia de los Lagos,Liurnia,Lugar,Mansión de los Caria,Noroeste.
Liurnia de los Lagos,Liurnia,NPC,Iji,Herrero gigante camino a la mansión.
Liurnia de los Lagos,Liurnia,Equipo,Espada de la Noche y la Llama,Mansión Caria (ruta tejados).
Liurnia de los Lagos,Liurnia,Jefe,Guardia Real Loretta,Jefe de la Mansión.
Liurnia de los Lagos,Liurnia,Lugar,Tres Hermanas,Tras la mansión.
Liurnia de los Lagos,Liurnia,NPC,Ranni,Torre de Ranni. Inicia su misión.
Liurnia de los Lagos,Liurnia,NPC,Seluvis,Torre de Seluvis. Da poción (Cuidado con a quién se la das).
Liurnia de los Lagos,Academia,Lugar,Academia de Raya Lucaria,Entrada con llave.
Liurnia de los Lagos,Academia,Jefe,Lobo Rojo de Radagon,Salón de debate.
Liurnia de los Lagos,Academia,Talismán,Icono de Radagon,Piso superior del Salón de debate.
Liurnia de los Lagos,Academia,Objeto Clave,Llave de piedra refulgente (2ª),En los candelabros del techo (ruta tejados). Para Thops.
Liurnia de los Lagos,Academia,Jefe,"Rennala, Reina de la Luna Llena",Jefe final. Gran Runa de los Nonatos.
Liurnia de los Lagos,Liurnia,Lugar,Aldea de los albináuricos,"Suroeste, bajo la montaña."
Liurnia de los Lagos,Liurnia,Herramienta,Frasco de Perfume (1),"En un cuerpo en el pantano, justo debajo del puente de la aldea."
Liurnia de los Lagos,Liurnia,Objeto Clave,Medallón secreto del Árbol (der.),Albus (convertido en olla).
Liurnia de los Lagos,Liurnia,Jefe,Asesino de augurios,En la aldea.
Liurnia de los Lagos,Liurnia,Lugar,Despeñadero de las ruinas,Ruta alternativa a Altus (norte del lago).
Liurnia de los Lagos,Liurnia,Jefe,Dragón de magma Makar,Cima del despeñadero. Drop Espada de escamas de magma.
Liurnia de los Lagos,Liurnia,Lugar,Sala de estudio cariana,Este. Necesita Estatua invertida (Misión Ranni).
Liurnia de los Lagos,Liurnia,Lugar,Torre divina de Liurnia,Tras la sala de estudio invertida. Marca de la muerte (Misión Fia).
Liurnia de los Lagos,Liurnia,Lugar,Iglesia de los Bellum,Camino al elevador de Dectus.
Río Siofra y Ainsel (Subsuelo 1),Siofra,Lugar,Río Siofra,Entrada por el pozo en Bosque Brumoso.
Río Siofra y Ainsel (Subsuelo 1),Siofra,Puzzle,Pilares de fuego,Enciende 8 para luchar contra el Espíritu Ancestral.
Río Siofra y Ainsel (Subsuelo 1),Siofra,Jefe,Espíritu Ancestral,Hallowhorn Grounds.
Río Siofra y Ainsel (Subsuelo 1),Siofra,Jefe,Soldado dracónido,Zona superior (acceso por portal). Drop Alabarda de dragón.
Río Siofra y Ainsel (Subsuelo 1),Ainsel,Lugar,Río Ainsel,Entrada por pozo en Liurnia Este.
Río Siofra y Ainsel (Subsuelo 1),Ainsel,Equipo,Ala de Astel,Cofre en ruinas (ruta hormigas).
Río Siofra y Ainsel (Subsuelo 1),Ainsel,Jefe,Soldado dracónido de Nokstella,Jefe de zona. Drop Lanza de rayo helado.
Caelid y Montedrago,Caelid,Lugar,Iglesia de la putrefacción,Entrada a Caelid desde Necrolimbo.
Caelid y Montedrago,Caelid,NPC,Gowry,Cabaña al sur de Sellia. Pide aguja.
Caelid y Montedrago,Caelid,NPC,Millicent,Iglesia de la Plaga. Dale la aguja reparada.
Caelid y Montedrago,Caelid,Lugar,"Sellia, ciudad de la hechicería",Puzzle de encender torres.
Caelid y Montedrago,Caelid,Jefe,Comandante O'Neil,Pantano de Aeonia. Drop Aguja de oro inmaculado.
Caelid y Montedrago,Caelid,Equipo,Meteorito (Hechizo) y Bastón,Ruinas de la calle de los sabios (Pantano).
Caelid y Montedrago,Caelid,Lugar,Castillo de la Melena Roja,Sur de Caelid.
Caelid y Montedrago,Caelid,Jefe,"Radahn, Azote de las Estrellas",Festival de combate. Obligatorio para Nokron.
Caelid y Montedrago,Caelid,Lugar,Catacumbas de los caídos en guerra,En la arena de Radahn (norte).
Caelid y Montedrago,Caelid,Lugar,Torre Divina de Caelid,Escalada difícil.
Caelid y Montedrago,Caelid,Jefe,Apóstol sacrodermo,Sótano de la torre. Drop armadura y Espadón del Deicida.
Caelid y Montedrago,Montedrago,Jefe,Dragón antiguo Greyoll,Inmóvil cerca de Fuerte Faroth.
Caelid y Montedrago,Montedrago,Lugar,Fuerte Faroth,Detrás de Greyoll.
Caelid y Montedrago,Montedrago,Objeto Clave,Medallón de Dectus (dcha.),En Fuerte Faroth.
Caelid y Montedrago,Montedrago,Talismán,Marca ulcerada de Radagon,Fuerte Faroth.
Caelid y Montedrago,Montedrago,NPC,Gran Tarro,Coliseo al norte (baja por el pozo de Siofra para llegar).
Caelid y Montedrago,Montedrago,Talismán,Arsenal del Gran Tarro,Gana 3 duelos del Gran Tarro.
Caelid y Montedrago,Caelid,Equipo,Velo lunar (Moonveil),Túnel de Gael (Jefe Magma Wyrm).
Nokron y Profundidades (Subsuelo 2),Nokron,Lugar,"Nokron, Ciudad Eterna",Cráter en Necrolimbo (cerca de Fuerte Haight).
Nokron y Profundidades (Subsuelo 2),Nokron,Jefe,Lágrima mimética,Drop Lágrima de plata y acceso a la ceniza (más adelante).
Nokron y Profundidades (Subsuelo 2),Nokron,Objeto Clave,Hoja dactilocida,Tesoro de la Noche Sagrada (para Ranni).
Nokron y Profundidades (Subsuelo 2),Nokron,Ceniza,Ceniza de lágrima mimética,Cofre tras puerta de llave espada pétrea.
Nokron y Profundidades (Subsuelo 2),Nokron,Jefe,Gárgolas denodadas,Acueducto de Siofra.
Nokron y Profundidades (Subsuelo 2),Fondo Raíz,Lugar,Fondo de Raíz Profunda,Ataúd tras las gárgolas.
Nokron y Profundidades (Subsuelo 2),Fondo Raíz,NPC,Fia,Al final de la zona. Misión del Príncipe de la Muerte.
Nokron y Profundidades (Subsuelo 2),Fondo Raíz,Jefe,Dragón liche Fortissax,Sueño de Fia.
Nokron y Profundidades (Subsuelo 2),Ainsel,Lugar,Nokstella,Acceso por misión de Ranni (portal en Torre de Renna).
Nokron y Profundidades (Subsuelo 2),Ainsel,Objeto Clave,Ranni en miniatura,Habla con ella 3 veces en la gracia.
Nokron y Profundidades (Subsuelo 2),Ainsel,Jefe,Sombra funesta,Invasor (Blaidd rojo). Drop Llave del palacio desechada.
Nokron y Profundidades (Subsuelo 2),Lago Putr.,Lugar,Lago de la Putrefacción,Cruza corriendo.
Nokron y Profundidades (Subsuelo 2),Lago Putr.,Jefe,"Astel, Innato del Vacío",Gran Claustro (ataúd).
Nokron y Profundidades (Subsuelo 2),Liurnia,Lugar,Altar de luz de luna,Tras Astel.
Nokron y Profundidades (Subsuelo 2),Liurnia,Equipo,Espadón de la Luna Oscura,Catedral de Manus Celes (Ranni).
Meseta Altus y Monte Gelmir,Altus,Mapa,Mapa: Meseta Altus,Camino principal al norte del elevador.
Meseta Altus y Monte Gelmir,Altus,NPC,Millicent,Colina frente al Árbol Áureo. Dale prótesis.
Meseta Altus y Monte Gelmir,Altus,Objeto Clave,Prótesis de valquiria,Castillo Sombrío.
Meseta Altus y Monte Gelmir,Altus,Herramienta,Frasco de Perfume (4),"En un cuerpo en los tejados del castillo, cerca de los caballeros de la limpieza."
Meseta Altus y Monte Gelmir,Altus,Jefe,Elemer de la Zarza,Castillo Sombrío. Drop Espada de Eochaid.
Meseta Altus y Monte Gelmir,Altus,NPC,Corhyn y Máscara Dorada,Puente al norte (camino destruido).
Meseta Altus y Monte Gelmir,Altus,Lugar,Cruce de caminos de Altus,Al noroeste del cruce. Contiene dos frascos y el manual para fabricar perfumes.
Meseta Altus y Monte Gelmir,Altus,Herramienta,Ruinas del Perfumista (2 Frascos),Al noroeste del cruce. Contiene dos frascos y el manual para fabricar perfumes.
Meseta Altus y Monte Gelmir,Altus,Lugar,Aldea del molinar (Dominula),Norte. Jefe Apóstol Sacrodermo.
Meseta Altus y Monte Gelmir,Gelmir,Lugar,Monte Gelmir,Oeste de Altus.
Meseta Altus y Monte Gelmir,Gelmir,Hechizo,Cometa Azur,Hechicero primigenio Azur.
Meseta Altus y Monte Gelmir,Gelmir,Lugar,Mansión del Volcán,Únete a Tanith.
Meseta Altus y Monte Gelmir,Gelmir,Misión,Misión de la Mansión,Cartas de asesinato (3 objetivos).
Meseta Altus y Monte Gelmir,Gelmir,Jefe,"Rykard, Señor de la Blasfemia","Usa el ""Cazador de serpientes""."
Meseta Altus y Monte Gelmir,Gelmir,Equipo,Cameo del taker,Recompensa de Tanith.
"Leyndell, Capital Real",Leyndell,Jefe,Centinela agreste draconiano,Puerta este. Acceso a la capital.
"Leyndell, Capital Real",Leyndell,Lugar,Mesa Redonda (Real),Versión física en la capital.
"Leyndell, Capital Real",Leyndell,Objeto Clave,Maldición del semillero,Varios en la capital (para Zampaheces).
"Leyndell, Capital Real",Leyndell,Equipo,Rayo de Gransax,Lanza legendaria en la lanza gigante del dragón. PERDIBLE.
"Leyndell, Capital Real",Leyndell,Jefe,"Godfrey, Primer Señor (Sombra)",Santuario.
"Leyndell, Capital Real",Leyndell,Jefe,"Morgott, rey de los Augurios",Trono. Drop Medallón de Rold.
"Leyndell, Capital Real",Subsuelo,Lugar,Subsuelo de los marginados,Acceso por pozo en Leyndell.
"Leyndell, Capital Real",Subsuelo,Jefe,"Mohg, el Augurio",Catedral de los desamparados.
"Leyndell, Capital Real",Subsuelo,Lugar,Proscripción de la Llama Frenética,Tras Mohg (golpea el altar). Parkour infernal.
"Leyndell, Capital Real",Subsuelo,Final,Tres Dedos,Desnúdate para abrir la puerta. Bloquea otros finales.
Picos de los Gigantes,Picos,NPC,Shabriri,Posee el cuerpo de Yura.
Picos de los Gigantes,Picos,Lugar,Castillo de Sol,Norte.
Picos de los Gigantes,Picos,Jefe,Comandante Niall,Castillo de Sol. Drop Medallón secreto (izq.).
Picos de los Gigantes,Picos,Equipo,Ríos de Sangre,Iglesia del Reposo. Invasión de Okina.
Picos de los Gigantes,Picos,Jefe,Gigante de fuego,Forja de los Gigantes.
Picos de los Gigantes,Picos,Evento,Quema del Árbol,Habla con Melina en la forja. Viaje a Farum Azula.
Picos de los Gigantes,Sacroníveo,Lugar,Campoancho sacroníveo,Zona secreta (Medallón secreto).
Picos de los Gigantes,Sacroníveo,Lugar,"Ordina, ciudad litúrgica",Puzzle de velas para ir al Árbol Hierático.
Picos de los Gigantes,Sacroníveo,Portal,Portal a Mohgwyn,"Oeste, en el acantilado con sangre."
Picos de los Gigantes,Mohgwyn,Lugar,Palacio de Mohgwyn,Zona de farmeo de runas.
Picos de los Gigantes,Mohgwyn,Jefe,"Mohg, Señor de la Sangre",Requisito DLC.
Árbol Hierático de Miquella,Árbol,Jefe,"Loretta, centinela del Árbol",Plaza de la ciudad.
Árbol Hierático de Miquella,Árbol,Lugar,"Elphael, tutor del Árbol",Zona inferior.
Árbol Hierático de Miquella,Árbol,Misión,Millicent (Final),Cerca del canal de desagüe. Ayuda o invade.
Árbol Hierático de Miquella,Árbol,Talismán,Insignia de espada alada podrida,Ayuda a Millicent.
Árbol Hierático de Miquella,Árbol,Jefe,"Malenia, espada de Miquella",Fondo del árbol. Drop Runa de Malenia.
Árbol Hierático de Miquella,Árbol,Objeto Clave,Aguja de Miquella,Usa la aguja de oro en la flor tras matar a Malenia.
Farum Azula y Capital Ceniza,Farum,Jefe,Dúo sacrodermo,Templo del dragón.
Farum Azula y Capital Ceniza,Farum,Objeto Clave,Esfera de minero de piedra (4),Drop del dúo. Piedras al máximo.
Farum Azula y Capital Ceniza,Farum,NPC,Alexander,Desafío final. Drop Fragmento de Alexander.
Farum Azula y Capital Ceniza,Farum,Jefe,Señor Dragón Placidusax,Secreto. Túmbate en la plataforma flotante antes del puente.
Farum Azula y Capital Ceniza,Farum,Uso,Uso de Aguja de Miquella,En la arena de Placidusax para curar la Llama Frenética.
Farum Azula y Capital Ceniza,Farum,Jefe,"Maliketh, la Hoja Negra",Jefe final de zona.
Farum Azula y Capital Ceniza,Ceniza,Lugar,"Leyndell, capital de ceniza",Tras Maliketh.
Farum Azula y Capital Ceniza,Ceniza,Jefe,Sir Gideon Ofnir,Jefe.
Farum Azula y Capital Ceniza,Ceniza,Jefe,Godfrey / Hoarah Loux,Jefe.
Farum Azula y Capital Ceniza,Ceniza,Jefe,Radagon / Bestia del Círculo,FINAL DEL JUEGO.
